{"cameraMode":{"drawMode":0,"name":"Shaded","section":"Shading Mode"},"sceneLighting":true,"audioPlay":false,"sceneViewState":{"showFog":true,"showMaterialUpdate":false,"showSkybox":true,"showFlares":true,"showImageEffects":true,"showParticleSystems":true},"in2DMode":false,"pivot":{"x":9.178833961486817,"y":-67.21687316894531,"z":84.56941223144531},"rotation":{"x":-0.25191375613212588,"y":-0.02439695969223976,"z":0.006263742223381996,"w":-0.9675253033638},"size":77.529541015625,"orthographic":false}